{"train_loss": [2.159261110102295, 0.6612739680678981, 0.5452597877781862, 0.49798209291354867, 0.4635594428344897, 0.4387930627841099, 0.4368105403556945, 0.4059628335533628, 0.3925503518930666, 0.3891556042774468, 0.3696608528210099, 0.3570344072238655, 0.34755585356882424, 0.33864370140300437, 0.33268738628193073, 0.3279920237459195, 0.3235052590537223, 0.3211977601430978, 0.31728444452498367, 0.31533254521667575, 0.3127331574251697, 0.3105831144341997, 0.30952425044812976, 0.3092381506209161, 0.3069639141392556, 0.30545921006779764, 0.30500608910420896, 0.303473978855048, 0.30283891167610316, 0.30246394113370567, 0.3010950056230946, 0.3007387997238499, 0.2997102781086211, 0.2991958942003311, 0.2986094716248239, 0.298400105944105, 0.29723587727091116, 0.2973549255899563, 0.29697781193787887], "train_dice": [0.10517342603367985, 0.20840553839685053, 0.3056412501509782, 0.402161365861346, 0.49774627985468334, 0.5743662399850833, 0.5709178573007037, 0.659521229327864, 0.6994681348846217, 0.7044506997439512, 0.7451731790402892, 0.7684608906697316, 0.7831920928256527, 0.7996203178053449, 0.8042612140345725, 0.8124843813051843, 0.8200564635027746, 0.8174788097667086, 0.8307687328879241, 0.8294897159193731, 0.8352478716024168, 0.837655482778124, 0.8380263178211869, 0.8394386510180819, 0.8407320683928812, 0.8483345641452036, 0.8505304167225103, 0.8520679223309656, 0.8544924141495092, 0.8514001680787202, 0.8564634558501517, 0.8553419716798576, 0.8604920795009394, 0.860642587303356, 0.8628694608712651, 0.8636814473540919, 0.8679508194801914, 0.8665402273463595, 0.8673013088050162], "train_f1": [0.1051734262686018, 0.20840553879736376, 0.3056412503070684, 0.40216136571232314, 0.4977462803096064, 0.5743662410292363, 0.5709178570383575, 0.6595212299738733, 0.6994681328226201, 0.7044507000941725, 0.7451731800535445, 0.7684608925656051, 0.7831920917422247, 0.7996203168434218, 0.8042612161329907, 0.8124843813141053, 0.8200564636929649, 0.8174788105278612, 0.8307687322600125, 0.8294897166322971, 0.8352478726124049, 0.8376554809470625, 0.8380263172531144, 0.8394386516642155, 0.840732066750444, 0.8483345643982222, 0.85053041521077, 0.8520679215968434, 0.854492415713175, 0.851400167624397, 0.8564634567194547, 0.8553419701209489, 0.8604920773257297, 0.8606425871036147, 0.8628694596125229, 0.8636814480324922, 0.8679508175417222, 0.8665402260800514, 0.8673013058545884], "train_bal_acc": [0.6154968142754345, 0.6904748947091985, 0.7303130816839669, 0.770352918004994, 0.8078740067885768, 0.8329994251009071, 0.8318263399451143, 0.8555797837135553, 0.8676322079713948, 0.8650955015646912, 0.874647001559688, 0.8815379455566666, 0.8836075533020097, 0.8904263895720276, 0.8918613966539243, 0.896315458797916, 0.8992792325395769, 0.8993700367445819, 0.9054538182572195, 0.905484018464971, 0.9098353296865507, 0.9099031713208289, 0.9102189768310583, 0.9116054787198198, 0.9127436041054209, 0.9163942028824961, 0.9187112328426921, 0.9191298678051568, 0.9210550453899065, 0.9183349473182038, 0.9230616938789156, 0.9222309019893143, 0.9251409066503238, 0.924888487202184, 0.9258511665237322, 0.9268147317864144, 0.9288929008371637, 0.9288876238726321, 0.9289264979458981], "train_iou": [0.05026796832680702, 0.11391942948102951, 0.1804332733154297, 0.2522096633911133, 0.33317744731903076, 0.4048754870891571, 0.3940362334251404, 0.49648138880729675, 0.5409634709358215, 0.5470982193946838, 0.59819096326828, 0.629862368106842, 0.648171067237854, 0.6698880791664124, 0.6777491569519043, 0.6890738010406494, 0.6979885697364807, 0.6960758566856384, 0.7134608030319214, 0.7111412286758423, 0.7205331921577454, 0.7237582206726074, 0.7260768413543701, 0.7268857955932617, 0.7296348810195923, 0.7399072051048279, 0.7417405843734741, 0.7456964254379272, 0.7496857047080994, 0.7450185418128967, 0.7538803219795227, 0.7523890137672424, 0.7582132816314697, 0.7579301595687866, 0.7626607418060303, 0.7636221051216125, 0.770638108253479, 0.7675216197967529, 0.7695428133010864], "train_accuracy": [0.7272104024887085, 0.8909404873847961, 0.9317196607589722, 0.9501526951789856, 0.9625583291053772, 0.9706465601921082, 0.9693174362182617, 0.9786182045936584, 0.9816029071807861, 0.9821411967277527, 0.9852151274681091, 0.986851692199707, 0.9877844452857971, 0.9887152314186096, 0.9890496730804443, 0.989499568939209, 0.9898747801780701, 0.9897774457931519, 0.9904443621635437, 0.9903481006622314, 0.9906825423240662, 0.9908270239830017, 0.990908682346344, 0.9909260869026184, 0.9910174608230591, 0.9913980960845947, 0.9914525747299194, 0.991607666015625, 0.9917379021644592, 0.9915971159934998, 0.9918834567070007, 0.9918264150619507, 0.9920480251312256, 0.9920435547828674, 0.9922130107879639, 0.9922383427619934, 0.9925017952919006, 0.9923809170722961, 0.9924545288085938], "train_recall": [0.4938642382621765, 0.47959813475608826, 0.5141825079917908, 0.575060248374939, 0.6398977041244507, 0.6830644011497498, 0.6824501156806946, 0.7211412191390991, 0.7415827512741089, 0.7379099726676941, 0.7528836727142334, 0.7653200626373291, 0.7697688341140747, 0.7832907438278198, 0.787756621837616, 0.7959862351417542, 0.800419807434082, 0.8008305430412292, 0.8138383626937866, 0.8127747178077698, 0.8216958045959473, 0.822066605091095, 0.8242740035057068, 0.8260490894317627, 0.8291760087013245, 0.8370130062103271, 0.8396909236907959, 0.8417446613311768, 0.8463927507400513, 0.8397971391677856, 0.850391149520874, 0.8495246171951294, 0.8529508709907532, 0.8521066308021545, 0.8558953404426575, 0.8576588034629822, 0.8617432117462158, 0.8604075312614441, 0.8618237376213074], "train_specificity": [0.7342378497123718, 0.903328537940979, 0.944294273853302, 0.9614489674568176, 0.9722755551338196, 0.9793074727058411, 0.9779567718505859, 0.9863724708557129, 0.9888313412666321, 0.9894964694976807, 0.9922121167182922, 0.9935232996940613, 0.994350254535675, 0.9949018359184265, 0.995111882686615, 0.9953274130821228, 0.9955804347991943, 0.9954678416252136, 0.9957630038261414, 0.995695948600769, 0.9957718253135681, 0.9959093928337097, 0.9959270358085632, 0.9958915710449219, 0.9958914518356323, 0.9960476756095886, 0.9960230588912964, 0.9961210489273071, 0.9961152076721191, 0.9961687922477722, 0.9961445927619934, 0.9961119890213013, 0.9962370991706848, 0.996258020401001, 0.9963183403015137, 0.9962913393974304, 0.9964396953582764, 0.9963554739952087, 0.9963886141777039], "train_sensitivity": [0.49648033776653244, 0.4774355610626899, 0.5163353764382669, 0.5792532354125328, 0.6434468856990165, 0.6866776132115608, 0.6856506005818904, 0.724736394142529, 0.746410961236966, 0.7406747379169939, 0.7570806828570205, 0.769589557504699, 0.7728500350101316, 0.7859467736339175, 0.7885986080772717, 0.797322861567352, 0.8029701544062273, 0.8032541811185622, 0.8151764583794676, 0.8152652683603723, 0.8239035251012472, 0.8238886751389833, 0.8245150363277387, 0.8273157098444903, 0.8295996025952989, 0.8367296629007371, 0.8414019309797329, 0.842139504452026, 0.845993089063979, 0.8405257707830696, 0.849964230300976, 0.8483586665601996, 0.8540445195618195, 0.8535427612143036, 0.8553905569543903, 0.8573446872581365, 0.861354139884842, 0.8614137135735381, 0.8614650382719655], "train_hausdorff": [108.72270935900272, 106.74803719280702, 106.98874147414473, 107.21985047769618, 103.57253006756574, 102.48312544755953, 91.44326105030053, 77.8910011933861, 67.79962401381783, 64.55652814127113, 59.97701553894737, 49.36004779314211, 48.923669661378504, 38.908917784000984, 35.12880569868837, 32.491316344067364, 29.106156095096512, 26.75324598105492, 25.86293746688218, 23.02442291428409, 23.24670077638441, 21.245733967376424, 20.75946981689616, 19.767627788365125, 19.30774764676524, 17.64441089189113, 17.37181712432785, 16.153172569186548, 16.43928806916091, 16.789829220427478, 16.560530499080848, 16.96365975849889, 15.17192074090282, 15.433369758678385, 15.917302419214074, 16.129557656510908, 16.099057206510686, 15.235780515140728, 14.698805077010293],